knowledge_id,row_type,crop,canonical_label,condition_group,scope_label,applies_to,plant_part,symptom_pattern,knowledge_type,knowledge_text,confusable_with,differential_reasoning,recommended_action,avoid_action,confidence_rule,triage_rule,source_name,source_url,evidence_excerpt,reliability_level
K_HEALTHY_001,knowledge,bí đỏ,khỏe,healthy,single_label,khỏe,lá,chưa thấy triệu chứng bệnh rõ,healthy_baseline,"Khi ảnh lá bí đỏ không có mảng bột trắng, đốm nâu lan rộng, vết vàng góc cạnh, loang khảm hoặc biến dạng rõ, nên mô tả là chưa thấy dấu hiệu bệnh rõ thay vì kết luận cây chắc chắn khỏe tuyệt đối.",thiếu dinh dưỡng nhẹ; ánh sáng chụp; lá già tự nhiên; bụi bẩn,"Ảnh khỏe có thể bị nhầm với bệnh nhẹ nếu màu lá thay đổi do ánh sáng, tuổi lá hoặc dinh dưỡng; cần theo dõi thêm nếu dấu hiệu lan nhanh.","Theo dõi định kỳ, giữ tán thông thoáng, tưới gốc hợp lý và chụp lại nếu xuất hiện vết bệnh mới.",Không phun thuốc khi chưa có triệu chứng rõ; không kết luận bệnh chỉ từ một lá hơi khác màu.,Nếu ảnh rõ và không có triệu chứng bệnh đặc trưng thì confidence có thể cao; nếu ảnh mờ hoặc lá bị che khuất thì giảm xuống trung bình/thấp.,monitor_only nếu chưa thấy triệu chứng bệnh rõ; insufficient_evidence nếu ảnh mờ hoặc thiếu vùng lá cần quan sát.,Internal visual QA rule + general IPM safety principle,N/A,Không khẳng định bệnh khi thiếu triệu chứng rõ; theo dõi và chụp bổ sung nếu có dấu hiệu lan.,medium-high
K_POWDERY_001,knowledge,bí đỏ,bệnh phấn trắng,fungal_disease,single_label,bệnh phấn trắng,lá; thân; cuống lá,đốm/mảng trắng dạng bột trên lá,symptom,"Bệnh phấn trắng trên cây họ bầu bí thường bắt đầu bằng đốm vàng nhạt, sau đó xuất hiện lớp nấm trắng dạng bột trên lá, thân hoặc cuống lá; khi nặng, lá có thể vàng, héo, nâu và khô.",bệnh sương mai; bụi bẩn; vệt thuốc; ánh sáng phản chiếu,Phấn trắng có lớp trắng dạng bột rõ trên bề mặt lá; sương mai thường có vết vàng/góc cạnh và lớp mốc ở mặt dưới trong điều kiện ẩm.,"Kiểm tra cả mặt trên và mặt dưới lá, tăng thông thoáng, loại bỏ lá bệnh nặng và theo dõi tốc độ lan.",Không kết luận chắc nếu vệt trắng có thể là bụi/vệt thuốc; không tự đưa hoạt chất hoặc liều lượng khi không có nguồn phù hợp.,Confidence cao khi thấy lớp trắng dạng bột rõ; trung bình nếu chỉ thấy vết sáng/trắng nhẹ hoặc ảnh mờ.,early_action với mức nhẹ/trung bình; urgent_action khi nhiều lá bị phủ trắng và suy yếu; insufficient_evidence nếu ảnh không rõ lớp bột.,UC IPM Powdery Mildew / Cucurbits; UMN Extension Powdery mildew of cucurbits,https://ipm.ucanr.edu/agriculture/cucurbits/powdery-mildew/; https://extension.umn.edu/disease-management/powdery-mildew-cucurbits,UC IPM mô tả đốm vàng nhạt lớn dần khi nấm trắng phát triển trên bề mặt; UMN mô tả đốm trắng dạng bột có thể ở cả mặt trên và dưới lá.,high
K_POWDERY_002,rule,bí đỏ,bệnh phấn trắng,general_rule,rule_general,bệnh phấn trắng,lá,phân biệt phấn trắng với sương mai,differential,"Khi câu hỏi yêu cầu phân biệt phấn trắng và sương mai, ưu tiên kiểm tra vị trí và dạng tổn thương: phấn trắng là lớp bột trắng trên bề mặt lá; sương mai thường là vết vàng/góc cạnh trên mặt trên và mốc xám/tím ở mặt dưới khi ẩm.",bệnh sương mai,"Nếu ảnh chỉ thấy mặt trên lá và không rõ mặt dưới, câu trả lời phải thận trọng và hỏi thêm ảnh mặt dưới.",Yêu cầu chụp mặt dưới lá nếu cần loại trừ sương mai; theo dõi điều kiện ẩm và tốc độ lan.,Không khẳng định phấn trắng chỉ từ vệt sáng mơ hồ.,"Có bệnh dễ nhầm thì confidence không nên cao tuyệt đối, trừ khi lớp bột trắng rất rõ.",early_action nếu dấu hiệu rõ; insufficient_evidence nếu ảnh thiếu mặt dưới lá và triệu chứng mơ hồ.,Cornell Pumpkin & Gourd Leaf Symptoms; UC IPM Downy Mildew on Cucurbits,https://www.vegetables.cornell.edu/pest-management/keys-for-identifying-vegetable-diseases/cucurbit-key/pumpkin-gourd-disease-key/pumpkin-gourd-leaf-symptoms/; https://ipm.ucanr.edu/PMG/GARDEN/VEGES/DISEASES/cudowneymildew.html,"Cornell mô tả phấn trắng là vết bột trắng, còn sương mai là vết góc cạnh với bào tử xám/tím mặt dưới.",high
K_DOWNY_001,knowledge,bí đỏ,bệnh sương mai,oomycete_disease,single_label,bệnh sương mai,lá,vết vàng/xanh nhạt góc cạnh và mốc mặt dưới khi ẩm,symptom,"Bệnh sương mai trên cây họ bầu bí thường tạo vết vàng đến xanh nhạt ở mặt trên lá, sau đó chuyển nâu; vết thường có dạng góc cạnh và bị giới hạn bởi gân lá. Trong ẩm độ cao, mặt dưới lá có thể có lớp mốc xám hoặc tím.",bệnh phấn trắng; thiếu dinh dưỡng; cháy nắng; đốm lá vi khuẩn; khảm virus,Vết góc cạnh theo gân lá và mốc mặt dưới ủng hộ sương mai; lớp bột trắng phủ rõ ủng hộ phấn trắng.,"Kiểm tra mặt dưới lá, giảm ẩm tán, tránh tưới phun lên lá, tỉa lá bệnh nặng và theo dõi sau mưa/ẩm.",Không kết luận sương mai nếu chỉ có vàng lá nhẹ và không kiểm tra mặt dưới; không tưới lá vào chiều tối khi vườn ẩm.,Confidence cao khi vết vàng/góc cạnh rõ và có dấu mốc mặt dưới; trung bình nếu chỉ thấy vàng loang mặt trên.,early_action khi bệnh nhẹ/trung bình; urgent_action khi vết lan nhiều lá trong điều kiện ẩm; insufficient_evidence nếu thiếu ảnh mặt dưới.,"UMN Extension Downy mildew of cucumber, melon and squash; UC IPM Downy Mildew / Cucurbits",https://extension.umn.edu/disease-management/downy-mildew-cucurbits; https://ipm.ucanr.edu/agriculture/cucurbits/downy-mildew/,UMN mô tả đốm vàng/xanh nhạt mặt trên và lớp mốc xám ở mặt dưới; bệnh phát triển nhanh trong điều kiện ướt/ẩm.,high
K_DOWNY_002,rule,bí đỏ,bệnh sương mai,uncertainty_rule,rule_general,bệnh sương mai,lá,sương mai cần kiểm tra mặt dưới lá,uncertainty_rule,"Với nghi sương mai, ảnh mặt trên lá thường chưa đủ chắc; cần khuyến nghị kiểm tra hoặc chụp thêm mặt dưới lá, nhất là khi câu hỏi nhắc thời tiết ẩm, sau mưa hoặc bệnh lan nhanh.",phấn trắng; thiếu dinh dưỡng; cháy nắng; khảm virus,Thiếu ảnh mặt dưới làm giảm độ chắc chắn vì dấu mốc xám/tím mặt dưới là một dấu hiệu phân biệt quan trọng.,Hỏi thêm ảnh mặt dưới lá và tình trạng mưa/ẩm gần đây; giảm ẩm tán và theo dõi lan trong 24-48 giờ.,Không trả lời chắc 100% chỉ dựa vào vùng vàng mặt trên.,Thiếu ảnh mặt dưới: confidence tối đa là trung bình nếu dấu hiệu chưa rõ.,insufficient_evidence nếu ảnh mờ/thiếu mặt dưới; early_action nếu ảnh rõ và triệu chứng phù hợp.,UC IPM Downy Mildew on Cucurbits; Cornell Pumpkin & Gourd Leaf Symptoms,https://ipm.ucanr.edu/PMG/GARDEN/VEGES/DISEASES/cudowneymildew.html; https://www.vegetables.cornell.edu/pest-management/keys-for-identifying-vegetable-diseases/cucurbit-key/pumpkin-gourd-disease-key/pumpkin-gourd-leaf-symptoms/,UC IPM phân biệt sương mai với phấn trắng dựa vào bào tử chủ yếu ở mặt dưới và vết góc cạnh trên lá.,high
K_BACTERIAL_002,rule,bí đỏ,bệnh đốm lá vi khuẩn,general_rule,rule_general,bệnh đốm lá vi khuẩn,lá,phân biệt đốm vi khuẩn với đốm nấm/sương mai,differential,"Khi thấy đốm nhỏ vàng nâu trên lá bí đỏ, cần phân biệt đốm vi khuẩn với sương mai và đốm nấm. Đốm vi khuẩn thường nhỏ, có thể viền vàng, lan qua nước bắn và thao tác khi lá ướt; sương mai thường có mảng vàng/góc cạnh và mốc mặt dưới khi ẩm.",sương mai; đốm lá nấm; thán thư,"Cần nhìn kích thước, viền đốm, hình dạng có bị gân lá giới hạn không và có mốc mặt dưới hay không.","Chụp cận cảnh đốm, kiểm tra mặt dưới lá, tránh tưới phun và không làm việc khi lá ướt.",Không chỉ dựa vào màu đốm để chọn thuốc; không nêu liều lượng nếu không có nguồn.,Ảnh xa hoặc đốm nhỏ không rõ: confidence trung bình/thấp.,early_action nếu có nhiều đốm đang lan; monitor_only nếu đốm rất ít và chưa rõ.,UMN Extension Angular leaf spot; Cornell Pumpkin & Gourd Leaf Symptoms,https://extension.umn.edu/disease-management/angular-leaf-spot; https://www.vegetables.cornell.edu/pest-management/keys-for-identifying-vegetable-diseases/cucurbit-key/pumpkin-gourd-disease-key/pumpkin-gourd-leaf-symptoms/,"Nguồn extension nhấn mạnh triệu chứng góc cạnh/viền vàng và yếu tố lá ướt, nước bắn.",high
K_VIRUS_SAFETY_001,rule,bí đỏ,bệnh khảm lá/virus,safety_rule,rule_general,bệnh khảm lá/virus,toàn cây,quản lý virus an toàn,safety,"Với bệnh virus, chatbot không nên khuyến nghị thuốc trừ nấm như cách điều trị chính. Hướng an toàn là giảm nguồn lây, quản lý côn trùng môi giới, vệ sinh vườn và loại bỏ cây bệnh nặng nếu cần.",bệnh nấm; thiếu dinh dưỡng,Virus không giống bệnh nấm nên không nên dùng logic 'phun thuốc nấm' để xử lý.,"Quản lý vector, theo dõi lan, vệ sinh cỏ dại và cây bệnh nặng; hỏi cán bộ kỹ thuật nếu nghi lan rộng.",Không viết 'xịt thuốc trị virus' hoặc nêu liều không có nguồn.,"Nếu câu hỏi yêu cầu thuốc/liều, câu trả lời phải chuyển sang nguyên tắc an toàn và khuyến cáo địa phương.",ask_expert nếu cần quyết định nhổ cây diện rộng hoặc xác định loại virus.,UC IPM Cucumber Mosaic / Cucurbits; general extension virus management,https://ipm.ucanr.edu/agriculture/cucurbits/cucumber-mosaic/,UC IPM mô tả virus truyền qua rệp và hướng quản lý tập trung giảm/đẩy lùi nguồn truyền bệnh hơn là thuốc trị trực tiếp.,high
K_SAFETY_001,rule,bí đỏ,tất cả,safety_rule,all,khỏe;bệnh phấn trắng;bệnh sương mai;bệnh khảm lá/virus;bệnh đốm lá vi khuẩn,toàn cây,không bịa thuốc/liều và không kết luận quá mức,safety,"Trong chatbot nông nghiệp, không nêu tên thuốc, hoạt chất, liều lượng, thời gian cách ly hoặc công thức pha nếu tri thức truy hồi không chứa nguồn rõ. Khi ảnh chưa đủ rõ, câu trả lời phải giảm độ chắc chắn và hỏi thêm thông tin.",N/A,Quy tắc an toàn nhằm giảm hallucination và khuyến nghị sai thực tế địa phương.,"Nêu nguyên tắc xử lý ban đầu: quan sát, chụp thêm, vệ sinh lá bệnh, giảm ẩm, giữ thông thoáng, hỏi cán bộ kỹ thuật nếu cần.",Không bịa thuốc/liều; không khẳng định tuyệt đối khi thiếu ảnh hoặc bằng chứng.,Ảnh mờ/thiếu góc chụp: confidence không được high.,insufficient_evidence khi thiếu bằng chứng; ask_expert khi liên quan thuốc/liều hoặc triệu chứng ngoài dữ liệu.,Project safety rule grounded in extension/IPM practice,N/A,Chỉ dùng thuốc theo nhãn/khuyến cáo địa phương và không suy diễn ngoài nguồn.,high
K_WEATHER_001,knowledge,bí đỏ,bệnh sương mai; đốm lá vi khuẩn,oomycete_disease,multi_label,bệnh sương mai; đốm lá vi khuẩn,lá,ẩm/mưa làm tăng rủi ro một số bệnh,weather_risk,"Điều kiện ướt hoặc ẩm cao có thể làm sương mai phát triển nhanh và cũng thuận lợi cho một số bệnh đốm lá vi khuẩn lây qua nước bắn. Tuy nhiên, không được gán thời tiết cụ thể cho ảnh nếu câu hỏi hoặc dữ liệu không nhắc đến.",không rõ thời tiết thực tế,"Thời tiết là ngữ cảnh hỗ trợ, không thay thế bằng chứng ảnh.","Nếu người dùng nhắc sau mưa/ẩm, nên khuyên kiểm tra mặt dưới lá, giảm ẩm tán, tưới gốc và theo dõi lan.",Không tự bịa 'trời ẩm' hoặc 'sau mưa' khi dữ liệu không có.,"Có thời tiết ẩm chỉ tăng rủi ro, không tự động xác nhận bệnh.",weather_risk làm tăng mức ưu tiên theo dõi/xử lý sớm nếu triệu chứng ảnh phù hợp.,UMN Downy mildew cucurbits; UMN Angular leaf spot,https://extension.umn.edu/disease-management/downy-mildew-cucurbits; https://extension.umn.edu/disease-management/angular-leaf-spot,UMN mô tả sương mai phát triển nhanh trong điều kiện ướt/ẩm; angular leaf spot phát triển trong điều kiện ấm ẩm và lây qua nước bắn/thao tác.,high
K_ACTION_FIRST_24H_001,rule,bí đỏ,nhiều bệnh lá,general_rule,multi_label,bệnh phấn trắng;bệnh sương mai;bệnh đốm lá vi khuẩn;bệnh khảm lá/virus,lá; ruộng,hành động 24-48 giờ đầu,initial_action,"Trong 24-48 giờ đầu, nên ghi nhận ảnh, kiểm tra mặt trên/mặt dưới lá, đánh dấu cây/lá bị bệnh, theo dõi lan rộng, giữ tán thoáng và tránh làm lá ướt lâu.",mọi bệnh lá,Hành động ban đầu an toàn áp dụng khi chưa đủ chắc để chọn biện pháp đặc hiệu.,"Chụp lại cùng góc sau 1-2 ngày, kiểm tra cây lân cận, dọn lá/tàn dư bệnh nặng nếu cần.",Không phun bừa hoặc cắt bỏ quá nhiều khi chưa rõ mức độ.,Nếu thiếu bằng chứng thì câu trả lời nên ở mức xử lý ban đầu và hỏi thêm.,monitor_only/early_action/insufficient_evidence tùy triệu chứng.,General IPM safety rule; Khuyến nông Việt Nam,https://khuyennongvn.gov.vn/chuong-trinh-nganh-nong-nghiep/tai-co-cau-nganh-nong-nghiep/thai-binh-bi-do-cay-trong-mang-lai-gia-tri-kinh-te-cao-29254.html,"Theo dõi đồng ruộng, vệ sinh tàn dư bệnh, tránh trồng dày và xử lý khi phát hiện cây/trái bệnh.",medium-high
K_TOMATO_BACTERIAL_SPOT_SYMPTOM_001,knowledge,cà chua,bệnh đốm vi khuẩn,bacterial_disease,single_label,bệnh đốm vi khuẩn,lá; quả; thân,"đốm nhỏ nâu/đen, quầng vàng, không có vòng đồng tâm rõ",symptom,"Đốm vi khuẩn trên cà chua thường tạo đốm nhỏ màu nâu đến đen trên lá; vết bệnh có thể có quầng vàng và tâm có thể rụng tạo lỗ nhỏ. Trên quả, vết bệnh thường dạng vảy nâu hơi gồ.",đốm lá Septoria; cháy sớm; đốm mục tiêu; vết thương cơ học,"Nếu vết bệnh nhỏ, sẫm màu và không có vòng đồng tâm rõ thì nghiêng về đốm vi khuẩn hơn cháy sớm. Septoria thường có tâm xám/nâu tan và chấm đen nhỏ ở vết bệnh già; đốm mục tiêu có thể có vòng đồng tâm rõ hơn.","Ưu tiên giữ lá khô, tưới gốc, tỉa bỏ lá bệnh vừa phải, vệ sinh tàn dư và theo dõi vết mới sau mưa hoặc tưới.",Không kết luận là nấm chỉ dựa vào đốm nâu; không tự dùng thuốc/liều lượng nếu không có nguồn hoặc khuyến cáo địa phương.,"high khi ảnh rõ, nhiều đốm điển hình; medium khi chỉ có vài đốm hoặc dễ nhầm; low khi ảnh mờ.",early_action khi đốm rõ và lan; monitor_only nếu rất nhẹ; urgent_action nếu nhiều lá/quả bị nặng.,UMN Extension; UC IPM,https://extension.umn.edu/disease-management/bacterial-spot-tomato-and-pepper; https://ipm.ucanr.edu/agriculture/tomato/bacterial-spot/,"Nguồn mô tả đốm nâu/đen nhỏ trên lá và vết vảy trên quả; bệnh lan qua tàn dư, cây ký chủ phụ và điều kiện ẩm.",high
K_TOMATO_BACTERIAL_SPOT_DIFF_001,knowledge,cà chua,bệnh đốm vi khuẩn,bacterial_disease,single_label,bệnh đốm vi khuẩn,lá; quả; thân,"đốm nhỏ nâu/đen, quầng vàng, không có vòng đồng tâm rõ",differential_diagnosis,Cần phân biệt bệnh đốm vi khuẩn với: đốm lá Septoria; cháy sớm; đốm mục tiêu; vết thương cơ học.,đốm lá Septoria; cháy sớm; đốm mục tiêu; vết thương cơ học,"Nếu vết bệnh nhỏ, sẫm màu và không có vòng đồng tâm rõ thì nghiêng về đốm vi khuẩn hơn cháy sớm. Septoria thường có tâm xám/nâu tan và chấm đen nhỏ ở vết bệnh già; đốm mục tiêu có thể có vòng đồng tâm rõ hơn.","Ưu tiên giữ lá khô, tưới gốc, tỉa bỏ lá bệnh vừa phải, vệ sinh tàn dư và theo dõi vết mới sau mưa hoặc tưới.",Không kết luận là nấm chỉ dựa vào đốm nâu; không tự dùng thuốc/liều lượng nếu không có nguồn hoặc khuyến cáo địa phương.,"high khi ảnh rõ, nhiều đốm điển hình; medium khi chỉ có vài đốm hoặc dễ nhầm; low khi ảnh mờ.",early_action khi đốm rõ và lan; monitor_only nếu rất nhẹ; urgent_action nếu nhiều lá/quả bị nặng.,UMN Extension; UC IPM,https://extension.umn.edu/disease-management/bacterial-spot-tomato-and-pepper; https://ipm.ucanr.edu/agriculture/tomato/bacterial-spot/,"Nguồn mô tả đốm nâu/đen nhỏ trên lá và vết vảy trên quả; bệnh lan qua tàn dư, cây ký chủ phụ và điều kiện ẩm.",high
K_TOMATO_BACTERIAL_SPOT_ACTION_001,rule,cà chua,bệnh đốm vi khuẩn,bacterial_disease,single_label,bệnh đốm vi khuẩn,lá; quả; thân,"đốm nhỏ nâu/đen, quầng vàng, không có vòng đồng tâm rõ",initial_action,"Hướng xử lý ban đầu cho bệnh đốm vi khuẩn: Ưu tiên giữ lá khô, tưới gốc, tỉa bỏ lá bệnh vừa phải, vệ sinh tàn dư và theo dõi vết mới sau mưa hoặc tưới.",đốm lá Septoria; cháy sớm; đốm mục tiêu; vết thương cơ học,"Nếu vết bệnh nhỏ, sẫm màu và không có vòng đồng tâm rõ thì nghiêng về đốm vi khuẩn hơn cháy sớm. Septoria thường có tâm xám/nâu tan và chấm đen nhỏ ở vết bệnh già; đốm mục tiêu có thể có vòng đồng tâm rõ hơn.","Ưu tiên giữ lá khô, tưới gốc, tỉa bỏ lá bệnh vừa phải, vệ sinh tàn dư và theo dõi vết mới sau mưa hoặc tưới.",Không kết luận là nấm chỉ dựa vào đốm nâu; không tự dùng thuốc/liều lượng nếu không có nguồn hoặc khuyến cáo địa phương.,"high khi ảnh rõ, nhiều đốm điển hình; medium khi chỉ có vài đốm hoặc dễ nhầm; low khi ảnh mờ.",early_action khi đốm rõ và lan; monitor_only nếu rất nhẹ; urgent_action nếu nhiều lá/quả bị nặng.,UMN Extension; UC IPM,https://extension.umn.edu/disease-management/bacterial-spot-tomato-and-pepper; https://ipm.ucanr.edu/agriculture/tomato/bacterial-spot/,"Nguồn mô tả đốm nâu/đen nhỏ trên lá và vết vảy trên quả; bệnh lan qua tàn dư, cây ký chủ phụ và điều kiện ẩm.",high
K_TOMATO_BACTERIAL_SPOT_CONFIDENCE_001,rule,cà chua,bệnh đốm vi khuẩn,bacterial_disease,single_label,bệnh đốm vi khuẩn,lá; quả; thân,"đốm nhỏ nâu/đen, quầng vàng, không có vòng đồng tâm rõ",confidence_rule,"Quy tắc độ chắc chắn cho bệnh đốm vi khuẩn: high khi ảnh rõ, nhiều đốm điển hình; medium khi chỉ có vài đốm hoặc dễ nhầm; low khi ảnh mờ.",đốm lá Septoria; cháy sớm; đốm mục tiêu; vết thương cơ học,"Nếu vết bệnh nhỏ, sẫm màu và không có vòng đồng tâm rõ thì nghiêng về đốm vi khuẩn hơn cháy sớm. Septoria thường có tâm xám/nâu tan và chấm đen nhỏ ở vết bệnh già; đốm mục tiêu có thể có vòng đồng tâm rõ hơn.","Ưu tiên giữ lá khô, tưới gốc, tỉa bỏ lá bệnh vừa phải, vệ sinh tàn dư và theo dõi vết mới sau mưa hoặc tưới.",Không kết luận là nấm chỉ dựa vào đốm nâu; không tự dùng thuốc/liều lượng nếu không có nguồn hoặc khuyến cáo địa phương.,"high khi ảnh rõ, nhiều đốm điển hình; medium khi chỉ có vài đốm hoặc dễ nhầm; low khi ảnh mờ.",early_action khi đốm rõ và lan; monitor_only nếu rất nhẹ; urgent_action nếu nhiều lá/quả bị nặng.,UMN Extension; UC IPM,https://extension.umn.edu/disease-management/bacterial-spot-tomato-and-pepper; https://ipm.ucanr.edu/agriculture/tomato/bacterial-spot/,"Nguồn mô tả đốm nâu/đen nhỏ trên lá và vết vảy trên quả; bệnh lan qua tàn dư, cây ký chủ phụ và điều kiện ẩm.",high
K_TOMATO_BACTERIAL_SPOT_TRIAGE_001,rule,cà chua,bệnh đốm vi khuẩn,bacterial_disease,single_label,bệnh đốm vi khuẩn,lá; quả; thân,"đốm nhỏ nâu/đen, quầng vàng, không có vòng đồng tâm rõ",triage_rule,Quy tắc triage cho bệnh đốm vi khuẩn: early_action khi đốm rõ và lan; monitor_only nếu rất nhẹ; urgent_action nếu nhiều lá/quả bị nặng.,đốm lá Septoria; cháy sớm; đốm mục tiêu; vết thương cơ học,"Nếu vết bệnh nhỏ, sẫm màu và không có vòng đồng tâm rõ thì nghiêng về đốm vi khuẩn hơn cháy sớm. Septoria thường có tâm xám/nâu tan và chấm đen nhỏ ở vết bệnh già; đốm mục tiêu có thể có vòng đồng tâm rõ hơn.","Ưu tiên giữ lá khô, tưới gốc, tỉa bỏ lá bệnh vừa phải, vệ sinh tàn dư và theo dõi vết mới sau mưa hoặc tưới.",Không kết luận là nấm chỉ dựa vào đốm nâu; không tự dùng thuốc/liều lượng nếu không có nguồn hoặc khuyến cáo địa phương.,"high khi ảnh rõ, nhiều đốm điển hình; medium khi chỉ có vài đốm hoặc dễ nhầm; low khi ảnh mờ.",early_action khi đốm rõ và lan; monitor_only nếu rất nhẹ; urgent_action nếu nhiều lá/quả bị nặng.,UMN Extension; UC IPM,https://extension.umn.edu/disease-management/bacterial-spot-tomato-and-pepper; https://ipm.ucanr.edu/agriculture/tomato/bacterial-spot/,"Nguồn mô tả đốm nâu/đen nhỏ trên lá và vết vảy trên quả; bệnh lan qua tàn dư, cây ký chủ phụ và điều kiện ẩm.",high
K_TOMATO_EARLY_BLIGHT_SYMPTOM_001,knowledge,cà chua,bệnh cháy sớm,fungal_disease,single_label,bệnh cháy sớm,lá; thân; quả,"đốm nâu có vòng đồng tâm, lá già gần gốc vàng/cháy",symptom,"Cháy sớm cà chua thường xuất hiện trước trên lá già gần gốc với đốm nâu không đều, có vòng đồng tâm dạng bia và mô vàng quanh vết bệnh; quả có thể có vết lõm nâu gần cuống.",đốm mục tiêu; đốm lá Septoria; đốm vi khuẩn; stress dinh dưỡng,"Vòng đồng tâm rõ trên vết bệnh là dấu hiệu quan trọng giúp phân biệt cháy sớm với đốm vi khuẩn. Septoria thường nhỏ hơn, có tâm xám/nâu tan và chấm đen nhỏ; đốm mục tiêu cũng có vòng nhưng thường bắt đầu trong tán rậm và có quầng vàng rõ.","Tỉa bỏ lá bệnh vừa phải, tăng thông thoáng, tưới gốc, phủ gốc hạn chế đất bắn lên lá và theo dõi các lá già gần mặt đất.",Không loại bỏ quá nhiều lá cùng lúc; không bỏ qua vệ sinh tàn dư vì mầm bệnh có thể tồn tại trên tàn dư cây.,high khi thấy vòng đồng tâm rõ; medium nếu chỉ có đốm nâu/cháy chưa đủ rõ.,early_action nếu vòng đồng tâm rõ; urgent_action nếu nhiều lá già cháy lan và giảm tán lá mạnh.,UMN Extension,https://extension.umn.edu/plant-diseases/tomato-leaf-spot-diseases; https://apps.extension.umn.edu/garden/diagnose/plant/vegetable/tomato/leavesspots.html,"Nguồn mô tả đốm nâu bất thường có vòng đồng tâm, thường kèm mô vàng quanh vết bệnh, xuất hiện trên lá già/lá thấp.",high
K_TOMATO_EARLY_BLIGHT_DIFF_001,knowledge,cà chua,bệnh cháy sớm,fungal_disease,single_label,bệnh cháy sớm,lá; thân; quả,"đốm nâu có vòng đồng tâm, lá già gần gốc vàng/cháy",differential_diagnosis,Cần phân biệt bệnh cháy sớm với: đốm mục tiêu; đốm lá Septoria; đốm vi khuẩn; stress dinh dưỡng.,đốm mục tiêu; đốm lá Septoria; đốm vi khuẩn; stress dinh dưỡng,"Vòng đồng tâm rõ trên vết bệnh là dấu hiệu quan trọng giúp phân biệt cháy sớm với đốm vi khuẩn. Septoria thường nhỏ hơn, có tâm xám/nâu tan và chấm đen nhỏ; đốm mục tiêu cũng có vòng nhưng thường bắt đầu trong tán rậm và có quầng vàng rõ.","Tỉa bỏ lá bệnh vừa phải, tăng thông thoáng, tưới gốc, phủ gốc hạn chế đất bắn lên lá và theo dõi các lá già gần mặt đất.",Không loại bỏ quá nhiều lá cùng lúc; không bỏ qua vệ sinh tàn dư vì mầm bệnh có thể tồn tại trên tàn dư cây.,high khi thấy vòng đồng tâm rõ; medium nếu chỉ có đốm nâu/cháy chưa đủ rõ.,early_action nếu vòng đồng tâm rõ; urgent_action nếu nhiều lá già cháy lan và giảm tán lá mạnh.,UMN Extension,https://extension.umn.edu/plant-diseases/tomato-leaf-spot-diseases; https://apps.extension.umn.edu/garden/diagnose/plant/vegetable/tomato/leavesspots.html,"Nguồn mô tả đốm nâu bất thường có vòng đồng tâm, thường kèm mô vàng quanh vết bệnh, xuất hiện trên lá già/lá thấp.",high
K_TOMATO_EARLY_BLIGHT_ACTION_001,rule,cà chua,bệnh cháy sớm,fungal_disease,single_label,bệnh cháy sớm,lá; thân; quả,"đốm nâu có vòng đồng tâm, lá già gần gốc vàng/cháy",initial_action,"Hướng xử lý ban đầu cho bệnh cháy sớm: Tỉa bỏ lá bệnh vừa phải, tăng thông thoáng, tưới gốc, phủ gốc hạn chế đất bắn lên lá và theo dõi các lá già gần mặt đất.",đốm mục tiêu; đốm lá Septoria; đốm vi khuẩn; stress dinh dưỡng,"Vòng đồng tâm rõ trên vết bệnh là dấu hiệu quan trọng giúp phân biệt cháy sớm với đốm vi khuẩn. Septoria thường nhỏ hơn, có tâm xám/nâu tan và chấm đen nhỏ; đốm mục tiêu cũng có vòng nhưng thường bắt đầu trong tán rậm và có quầng vàng rõ.","Tỉa bỏ lá bệnh vừa phải, tăng thông thoáng, tưới gốc, phủ gốc hạn chế đất bắn lên lá và theo dõi các lá già gần mặt đất.",Không loại bỏ quá nhiều lá cùng lúc; không bỏ qua vệ sinh tàn dư vì mầm bệnh có thể tồn tại trên tàn dư cây.,high khi thấy vòng đồng tâm rõ; medium nếu chỉ có đốm nâu/cháy chưa đủ rõ.,early_action nếu vòng đồng tâm rõ; urgent_action nếu nhiều lá già cháy lan và giảm tán lá mạnh.,UMN Extension,https://extension.umn.edu/plant-diseases/tomato-leaf-spot-diseases; https://apps.extension.umn.edu/garden/diagnose/plant/vegetable/tomato/leavesspots.html,"Nguồn mô tả đốm nâu bất thường có vòng đồng tâm, thường kèm mô vàng quanh vết bệnh, xuất hiện trên lá già/lá thấp.",high
K_TOMATO_EARLY_BLIGHT_CONFIDENCE_001,rule,cà chua,bệnh cháy sớm,fungal_disease,single_label,bệnh cháy sớm,lá; thân; quả,"đốm nâu có vòng đồng tâm, lá già gần gốc vàng/cháy",confidence_rule,Quy tắc độ chắc chắn cho bệnh cháy sớm: high khi thấy vòng đồng tâm rõ; medium nếu chỉ có đốm nâu/cháy chưa đủ rõ.,đốm mục tiêu; đốm lá Septoria; đốm vi khuẩn; stress dinh dưỡng,"Vòng đồng tâm rõ trên vết bệnh là dấu hiệu quan trọng giúp phân biệt cháy sớm với đốm vi khuẩn. Septoria thường nhỏ hơn, có tâm xám/nâu tan và chấm đen nhỏ; đốm mục tiêu cũng có vòng nhưng thường bắt đầu trong tán rậm và có quầng vàng rõ.","Tỉa bỏ lá bệnh vừa phải, tăng thông thoáng, tưới gốc, phủ gốc hạn chế đất bắn lên lá và theo dõi các lá già gần mặt đất.",Không loại bỏ quá nhiều lá cùng lúc; không bỏ qua vệ sinh tàn dư vì mầm bệnh có thể tồn tại trên tàn dư cây.,high khi thấy vòng đồng tâm rõ; medium nếu chỉ có đốm nâu/cháy chưa đủ rõ.,early_action nếu vòng đồng tâm rõ; urgent_action nếu nhiều lá già cháy lan và giảm tán lá mạnh.,UMN Extension,https://extension.umn.edu/plant-diseases/tomato-leaf-spot-diseases; https://apps.extension.umn.edu/garden/diagnose/plant/vegetable/tomato/leavesspots.html,"Nguồn mô tả đốm nâu bất thường có vòng đồng tâm, thường kèm mô vàng quanh vết bệnh, xuất hiện trên lá già/lá thấp.",high
K_TOMATO_EARLY_BLIGHT_TRIAGE_001,rule,cà chua,bệnh cháy sớm,fungal_disease,single_label,bệnh cháy sớm,lá; thân; quả,"đốm nâu có vòng đồng tâm, lá già gần gốc vàng/cháy",triage_rule,Quy tắc triage cho bệnh cháy sớm: early_action nếu vòng đồng tâm rõ; urgent_action nếu nhiều lá già cháy lan và giảm tán lá mạnh.,đốm mục tiêu; đốm lá Septoria; đốm vi khuẩn; stress dinh dưỡng,"Vòng đồng tâm rõ trên vết bệnh là dấu hiệu quan trọng giúp phân biệt cháy sớm với đốm vi khuẩn. Septoria thường nhỏ hơn, có tâm xám/nâu tan và chấm đen nhỏ; đốm mục tiêu cũng có vòng nhưng thường bắt đầu trong tán rậm và có quầng vàng rõ.","Tỉa bỏ lá bệnh vừa phải, tăng thông thoáng, tưới gốc, phủ gốc hạn chế đất bắn lên lá và theo dõi các lá già gần mặt đất.",Không loại bỏ quá nhiều lá cùng lúc; không bỏ qua vệ sinh tàn dư vì mầm bệnh có thể tồn tại trên tàn dư cây.,high khi thấy vòng đồng tâm rõ; medium nếu chỉ có đốm nâu/cháy chưa đủ rõ.,early_action nếu vòng đồng tâm rõ; urgent_action nếu nhiều lá già cháy lan và giảm tán lá mạnh.,UMN Extension,https://extension.umn.edu/plant-diseases/tomato-leaf-spot-diseases; https://apps.extension.umn.edu/garden/diagnose/plant/vegetable/tomato/leavesspots.html,"Nguồn mô tả đốm nâu bất thường có vòng đồng tâm, thường kèm mô vàng quanh vết bệnh, xuất hiện trên lá già/lá thấp.",high
K_BGT_HEALTHY_SYMPTOM_001,knowledge,khổ qua/mướp đắng,khỏe,khỏe,single_label,khỏe,lá,"lá xanh tương đối đều, không có tổn thương bệnh rõ",symptom,"Lá khổ qua khỏe thường được xem là lớp đối chứng: phiến lá còn xanh tương đối đều, không có đốm bệnh rõ, không có cháy mép mạnh, không thấy vệt vàng góc cạnh lan rộng hoặc dấu chích hút rõ.",thiếu dinh dưỡng nhẹ; ánh sáng chụp; bụi bẩn; lá già tự nhiên,"Nếu chỉ thấy màu lá không thật đều nhưng không có đốm, mốc, cháy mép hoặc xoăn do côn trùng, nên giữ kết luận khỏe/thận trọng thay vì gán bệnh.","Duy trì chăm sóc cân đối, kiểm tra định kỳ mặt dưới lá và theo dõi nếu màu lá thay đổi nhanh.",Không phun thuốc chỉ vì một vùng màu hơi khác; không gán bệnh nếu thiếu bằng chứng triệu chứng.,Ảnh rõ và lá không có dấu bất thường mạnh có thể confidence cao; ảnh mờ hoặc thiếu góc chụp thì giảm confidence.,monitor_only nếu cây vẫn xanh và sinh trưởng bình thường; insufficient_evidence nếu ảnh quá mờ hoặc chỉ thấy một phần lá.,Internal healthy-class visual safety rule derived from dataset class definition,internal_rule:healthy_class_visual_control,"Healthy rows are used as control cases: if no strong disease, pest or deficiency symptom is visible, avoid assigning a disease and recommend monitoring.",internal_rule
K_BGT_HEALTHY_DIFF_001,rule,khổ qua/mướp đắng,khỏe,khỏe,single_label,khỏe,lá,phân biệt khỏe với bệnh nhẹ,differential_rule,"Lớp khỏe cần được phân biệt với thiếu dinh dưỡng nhẹ hoặc ánh sáng chụp làm lá nhạt màu. Cần kiểm tra thêm khi có vàng lan, cháy mép, đốm nâu, vết góc cạnh hoặc mặt dưới có sâu/rầy.",thiếu đạm nhẹ; thiếu kali nhẹ; rầy xanh giai đoạn đầu; sương mai sớm,"Khỏe thường không có vị trí tổn thương nhất quán; thiếu dinh dưỡng thường có quy luật theo lá già/rìa lá/giữa gân, còn bệnh nấm thường có đốm hoặc vết vàng bất thường.","Theo dõi sau 24-48 giờ, chụp thêm mặt dưới lá nếu xuất hiện vàng loang hoặc chấm li ti.",Không bón/phun mạnh khi cây chưa có triệu chứng chắc chắn.,"Nếu triệu chứng chỉ là màu lá hơi khác trong ảnh một lần, confidence nên trung bình thay vì cao.",monitor_only; chuyển sang followup nếu có triệu chứng mới.,Internal healthy-class visual safety rule derived from dataset class definition,internal_rule:healthy_class_visual_control,"Healthy rows are used as control cases: if no strong disease, pest or deficiency symptom is visible, avoid assigning a disease and recommend monitoring.",internal_rule
K_BGT_DOWNY_SYMPTOM_001,knowledge,khổ qua/mướp đắng,bệnh sương mai,bệnh nấm/oomycete,single_label,bệnh sương mai,lá,vàng loang/vàng góc cạnh trên lá,symptom,"Sương mai trên cây họ bầu bí thường gây các đốm vàng đến xanh nhạt ở mặt trên lá, nhiều trường hợp có dạng góc cạnh hoặc bị giới hạn bởi gân lá. Khi ẩm cao, mặt dưới lá có thể có lớp mốc xám tím.",thiếu đạm/kali; cháy nắng; bệnh đốm lá; úng nước làm vàng lá,Sương mai đáng nghi hơn khi vàng loang hoặc vết góc cạnh xuất hiện theo mảng và cần kiểm tra mặt dưới lá; thiếu dinh dưỡng thường vàng theo quy luật lá già hoặc rìa/giữa gân.,"Kiểm tra mặt dưới lá vào sáng sớm/ẩm cao, giữ tán thông thoáng, tránh tưới ướt lá kéo dài và loại bỏ lá bệnh nặng.",Không kết luận chắc sương mai nếu chỉ thấy lá vàng đều hoặc thiếu ảnh mặt dưới.,Confidence cao khi có vết vàng góc cạnh kèm mốc mặt dưới; trung bình nếu chỉ thấy vàng loang ở mặt trên.,early_action nếu vết đang lan; urgent_action nếu nhiều lá vàng nâu nhanh trong điều kiện ẩm.,University of Minnesota Extension - Downy mildew of cucurbits,https://extension.umn.edu/disease-management/downy-mildew-cucurbits,Cucurbit downy mildew forms yellow to pale green angular spots on the upper leaf surface and grey/purplish fuzz on the underside in humid conditions.,high
K_BGT_DOWNY_DIFF_NUTRIENT_001,rule,khổ qua/mướp đắng,bệnh sương mai,bệnh nấm/oomycete,multi_label,bệnh sương mai; thiếu đạm; thiếu kali; thiếu đạm và kali,lá,sương mai so với thiếu dinh dưỡng,differential_rule,"Sương mai và thiếu dinh dưỡng đều có thể làm lá vàng, nhưng sương mai thường có mảng/vết bất thường và cần đối chiếu mặt dưới lá; thiếu đạm thường vàng từ lá già, thiếu kali thường vàng/cháy mép.",thiếu đạm; thiếu kali; thiếu đạm và kali,"Nếu vàng trải đều hoặc bắt đầu từ lá già, nghi thiếu dinh dưỡng hơn; nếu vàng loang theo mảng và có điều kiện ẩm, cần nghĩ đến sương mai.","Hỏi thêm vị trí lá già/lá non, lịch bón phân, điều kiện ẩm và ảnh mặt dưới lá.",Không dùng thuốc nấm khi chưa loại trừ thiếu dinh dưỡng hoặc stress nước.,Confidence trung bình khi chỉ có một ảnh mặt trên; cao hơn khi có ảnh mặt dưới hoặc vết góc cạnh điển hình.,followup_needed nếu chưa có mặt dưới lá; early_action nếu có dấu lan.,University of Illinois Extension - Downy mildew,https://extension.illinois.edu/plant-problems/downy-mildew,Downy mildew symptoms include pale green to yellow angular lesions bounded by veins and pale gray to purple downy growth on the lower leaf surface in moist weather.,high
K_BGT_DOWNY_ACTION_001,rule,khổ qua/mướp đắng,bệnh sương mai,bệnh nấm/oomycete,single_label,bệnh sương mai,lá,xử lý sớm sương mai,action_rule,"Quản lý sương mai cần ưu tiên giảm ẩm lá, tăng thông thoáng và theo dõi tốc độ lan vì bệnh có thể phát triển nhanh trong điều kiện ẩm.",bệnh đốm lá; thiếu dinh dưỡng,"Nếu vết đang lan trong thời tiết ẩm, xử lý theo hướng bệnh lá; nếu triệu chứng ổn định và thiếu quy luật bệnh, kiểm tra dinh dưỡng.","Giữ luống/vườn thông thoáng, tưới gốc, loại bỏ lá bệnh nặng và tham khảo hướng dẫn địa phương trước khi dùng thuốc.",Không tự pha thuốc hoặc nhắc liều lượng khi không có nguồn/nhãn thuốc.,Confidence phụ thuộc bằng chứng mặt dưới lá và tốc độ lan.,early_action là mặc định; urgent_action nếu lan nhanh trên nhiều lá.,University of Minnesota Extension - Downy mildew of cucurbits,https://extension.umn.edu/disease-management/downy-mildew-cucurbits,Cucurbit downy mildew forms yellow to pale green angular spots on the upper leaf surface and grey/purplish fuzz on the underside in humid conditions.,high
K_BGT_DOWNY_WEATHER_001,knowledge,khổ qua/mướp đắng,bệnh sương mai,bệnh nấm/oomycete,single_label,bệnh sương mai,lá,ẩm/mưa thuận lợi cho sương mai,weather_context,"Sương mai trên cây họ bầu bí phát triển mạnh trong điều kiện lá ướt, ẩm cao hoặc thời tiết mưa/ẩm kéo dài.",vàng lá do úng nước; thiếu dinh dưỡng,Thời tiết ẩm làm tăng khả năng sương mai nhưng không thay thế bằng chứng ảnh; vẫn cần triệu chứng trên lá và/hoặc mặt dưới lá.,"Khi người dùng nhắc mưa/ẩm, ưu tiên hỏi thêm mặt dưới lá và mức lan trong vườn.",Không tự gán thời tiết ẩm nếu câu hỏi/ảnh không cung cấp thông tin.,"Nếu thời tiết được người dùng xác nhận và triệu chứng phù hợp, confidence tăng một bậc.",early_action nếu ẩm kéo dài và vết lan.,University of Illinois Extension - Downy mildew,https://extension.illinois.edu/plant-problems/downy-mildew,Downy mildew symptoms include pale green to yellow angular lesions bounded by veins and pale gray to purple downy growth on the lower leaf surface in moist weather.,high
K_BGT_LEAFSPOT_ACTION_001,rule,khổ qua/mướp đắng,bệnh đốm lá,bệnh nấm,single_label,bệnh đốm lá,lá,xử lý đốm lá,action_rule,"Nhiều bệnh đốm lá được hạn chế bằng vệ sinh tàn dư, giảm ướt lá, tăng thông thoáng và loại bỏ lá bệnh nặng.",sương mai; cháy nắng; thiếu kali,Đốm bệnh thường có mô hoại tử rõ và có thể lan; cháy nắng thường liên quan mặt lá phơi nắng và không có đốm lan theo ổ bệnh.,"Loại bỏ lá bệnh nặng, tưới gốc, tránh chạm cây khi ướt và theo dõi đốm mới.",Không tự đưa tên thuốc/liều lượng nếu không có nguồn địa phương hoặc nhãn thuốc.,Confidence cao khi đốm rõ và lặp trên nhiều lá; thấp nếu chỉ một vết nhỏ.,early_action; urgent_action nếu đốm dày và lá mất nhiều diện tích xanh.,University of Maryland Extension - Cercospora leaf spot of vegetables,https://extension.umd.edu/resource/cercospora-leaf-spot-vegetables,"Cercospora leaf spot can affect cucurbits, causing small tan to brown lesions, sometimes with reddish-purple borders, and is favored by warm humid conditions.",high
K_BGT_LEAFSPOT_WEATHER_001,knowledge,khổ qua/mướp đắng,bệnh đốm lá,bệnh nấm,single_label,bệnh đốm lá,lá,ấm ẩm và lá ướt kéo dài,weather_context,"Nhiều bệnh đốm lá nấm phát triển thuận lợi khi ấm ẩm, lá ướt kéo dài hoặc thông thoáng kém.",sương mai; thán thư,"Điều kiện ẩm hỗ trợ bệnh đốm lá nhưng cần triệu chứng đốm rõ; nếu chỉ vàng loang không đốm, chưa đủ kết luận.","Giảm ẩm lá, tăng khoảng cách/thoáng tán và kiểm tra tiến triển đốm sau vài ngày.",Không gán bệnh đốm lá chỉ vì thời tiết ẩm.,Weather chỉ tăng confidence khi triệu chứng ảnh phù hợp.,early_action nếu đốm tăng sau mưa/ẩm.,University of Maryland Extension - Cercospora leaf spot of vegetables,https://extension.umd.edu/resource/cercospora-leaf-spot-vegetables,"Cercospora leaf spot can affect cucurbits, causing small tan to brown lesions, sometimes with reddish-purple borders, and is favored by warm humid conditions.",high
K_BGT_NUTRIENT_SOIL_TEST_001,rule,khổ qua/mướp đắng,nhiều thiếu dinh dưỡng,thiếu dinh dưỡng/rối loạn sinh lý,multi_label,thiếu đạm; thiếu kali; thiếu magiê; thiếu đạm và kali; thiếu đạm và magiê; thiếu kali và magiê,lá,xác nhận dinh dưỡng bằng phân tích đất/lá,safety_rule,"Các rối loạn dinh dưỡng có nhiều triệu chứng chồng chéo, nên phân tích đất/lá hoặc ít nhất đối chiếu lịch bón, pH, tưới và vị trí lá bị ảnh hưởng trước khi điều chỉnh phân mạnh.",bệnh nấm; rầy xanh; úng nước; cháy nắng,"Triệu chứng dinh dưỡng có quy luật theo lá già/lá non/rìa lá/giữa gân; bệnh và sâu hại thường có đốm, mốc, chích hút hoặc lan theo ổ.","Thu thập thông tin bón phân, tưới nước, pH/độ ẩm đất và kiểm tra thêm vài lá đại diện.",Không bón/phun theo cảm tính từ một ảnh đơn lẻ.,Confidence cần giảm nếu chỉ có một lá hoặc thiếu thông tin bón phân.,followup_needed hoặc early_action tùy mức lan.,Kerala Agricultural University Agri-Infotech Portal - Bitter gourd nutrient deficiencies,https://www.celkau.in/Crops/Vegetables/bitter%20gourd/deficiency.php,"Bitter gourd nutrient deficiency page lists nitrogen, potassium and magnesium symptoms and recommends soil analysis before corrective fertilization.",high
K_BGT_GENERAL_VISUAL_EVIDENCE_001,rule,khổ qua/mướp đắng,tất cả,general_rule,all,tất cả,lá,bằng chứng ảnh trước kết luận,visual_evidence_rule,Câu trả lời nên bắt đầu từ dấu hiệu nhìn thấy trong ảnh rồi mới liên hệ nhãn nghi ngờ; nếu ảnh không cho thấy triệu chứng rõ thì cần giảm mức chắc chắn.,mọi bệnh/tình trạng dễ nhầm,Bằng chứng ảnh là nền tảng để tránh đoán bệnh chỉ từ nhãn hoặc câu hỏi.,"Nêu rõ dấu hiệu chính, vị trí lá và điểm cần kiểm tra thêm.",Không khẳng định tuyệt đối khi ảnh không đủ rõ.,Confidence phụ thuộc chất lượng ảnh và độ điển hình triệu chứng.,insufficient_evidence nếu thiếu bằng chứng.,Internal healthy-class visual safety rule derived from dataset class definition,internal_rule:healthy_class_visual_control,"Healthy rows are used as control cases: if no strong disease, pest or deficiency symptom is visible, avoid assigning a disease and recommend monitoring.",internal_rule
K_CUC_ANTH_SYMPTOM_001,knowledge,dưa leo,bệnh thán thư,bệnh nấm,single_label,bệnh thán thư,lá,N/A,symptom,"Thán thư trên dưa leo thường gây đốm nâu không đều trên lá; tâm vết có thể khô, rách hoặc thủng, đôi khi có quầng vàng. Bệnh ưa điều kiện ấm ẩm và có thể ảnh hưởng thân/quả.",bệnh sương mai; bệnh chảy gôm thân; đốm lá vi khuẩn; cháy lá do điều kiện bất lợi,"Phân biệt với sương mai bằng việc thán thư thiên về đốm nâu không đều/mô khô rách, còn sương mai thường là mảng vàng góc cạnh và cần kiểm tra mốc mặt dưới.","Giữ lá khô, tưới gốc, tránh làm vườn khi lá ướt, dọn lá/tàn dư bệnh nặng và theo dõi thân/quả.",Không kết luận chỉ từ một đốm nhỏ; không tự nêu thuốc/liều lượng nếu không có nguồn địa phương.,Ảnh rõ có triệu chứng đặc trưng thì confidence cao hơn; ảnh mờ hoặc thiếu bộ phận cần quan sát thì giảm confidence.,Nhẹ/trung bình dùng early_action; nặng/lan nhanh dùng urgent_action; thiếu bằng chứng dùng insufficient_evidence; khỏe dùng monitor_only.,UMN Extension - Anthracnose of cucurbits; Cornell Vegetables - Anthracnose of Cucurbits,https://extension.umn.edu/node/11086; https://www.vegetables.cornell.edu/pest-management/disease-factsheets/anthracnose-of-cucurbits/,"Cucumber leaf spots can be irregular brown with yellow halo and may drop out; anthracnose develops in warm, moist conditions.",high
K_CUC_ANTH_VISUAL_001,rule,dưa leo,bệnh thán thư,bệnh nấm,single_label,bệnh thán thư,lá,N/A,visual_evidence_rule,"Khi trả lời cần nêu bằng chứng nhìn thấy trên ảnh trước, sau đó mới liên hệ với nhãn bệnh/tình trạng.",bệnh sương mai; bệnh chảy gôm thân; đốm lá vi khuẩn; cháy lá do điều kiện bất lợi,"Phân biệt với sương mai bằng việc thán thư thiên về đốm nâu không đều/mô khô rách, còn sương mai thường là mảng vàng góc cạnh và cần kiểm tra mốc mặt dưới.","Giữ lá khô, tưới gốc, tránh làm vườn khi lá ướt, dọn lá/tàn dư bệnh nặng và theo dõi thân/quả.",Không kết luận chỉ từ một đốm nhỏ; không tự nêu thuốc/liều lượng nếu không có nguồn địa phương.,Ảnh rõ có triệu chứng đặc trưng thì confidence cao hơn; ảnh mờ hoặc thiếu bộ phận cần quan sát thì giảm confidence.,Nhẹ/trung bình dùng early_action; nặng/lan nhanh dùng urgent_action; thiếu bằng chứng dùng insufficient_evidence; khỏe dùng monitor_only.,UMN Extension - Anthracnose of cucurbits; Cornell Vegetables - Anthracnose of Cucurbits,https://extension.umn.edu/node/11086; https://www.vegetables.cornell.edu/pest-management/disease-factsheets/anthracnose-of-cucurbits/,"Cucumber leaf spots can be irregular brown with yellow halo and may drop out; anthracnose develops in warm, moist conditions.",high
K_CUC_ANTH_DIFF_001,rule,dưa leo,bệnh thán thư,bệnh nấm,single_label,bệnh thán thư,lá,N/A,differential_rule,Luôn đối chiếu bệnh thán thư với các tình trạng dễ nhầm: bệnh sương mai; bệnh chảy gôm thân; đốm lá vi khuẩn; cháy lá do điều kiện bất lợi.,bệnh sương mai; bệnh chảy gôm thân; đốm lá vi khuẩn; cháy lá do điều kiện bất lợi,"Phân biệt với sương mai bằng việc thán thư thiên về đốm nâu không đều/mô khô rách, còn sương mai thường là mảng vàng góc cạnh và cần kiểm tra mốc mặt dưới.","Giữ lá khô, tưới gốc, tránh làm vườn khi lá ướt, dọn lá/tàn dư bệnh nặng và theo dõi thân/quả.",Không kết luận chỉ từ một đốm nhỏ; không tự nêu thuốc/liều lượng nếu không có nguồn địa phương.,Ảnh rõ có triệu chứng đặc trưng thì confidence cao hơn; ảnh mờ hoặc thiếu bộ phận cần quan sát thì giảm confidence.,Nhẹ/trung bình dùng early_action; nặng/lan nhanh dùng urgent_action; thiếu bằng chứng dùng insufficient_evidence; khỏe dùng monitor_only.,UMN Extension - Anthracnose of cucurbits; Cornell Vegetables - Anthracnose of Cucurbits,https://extension.umn.edu/node/11086; https://www.vegetables.cornell.edu/pest-management/disease-factsheets/anthracnose-of-cucurbits/,"Cucumber leaf spots can be irregular brown with yellow halo and may drop out; anthracnose develops in warm, moist conditions.",high
K_CUC_ANTH_ACTION_001,rule,dưa leo,bệnh thán thư,bệnh nấm,single_label,bệnh thán thư,lá,N/A,action_rule,Khuyến nghị cho bệnh thán thư phải ưu tiên bước xử lý an toàn ban đầu hơn là nêu thuốc.,bệnh sương mai; bệnh chảy gôm thân; đốm lá vi khuẩn; cháy lá do điều kiện bất lợi,"Phân biệt với sương mai bằng việc thán thư thiên về đốm nâu không đều/mô khô rách, còn sương mai thường là mảng vàng góc cạnh và cần kiểm tra mốc mặt dưới.","Giữ lá khô, tưới gốc, tránh làm vườn khi lá ướt, dọn lá/tàn dư bệnh nặng và theo dõi thân/quả.",Không kết luận chỉ từ một đốm nhỏ; không tự nêu thuốc/liều lượng nếu không có nguồn địa phương.,Ảnh rõ có triệu chứng đặc trưng thì confidence cao hơn; ảnh mờ hoặc thiếu bộ phận cần quan sát thì giảm confidence.,Nhẹ/trung bình dùng early_action; nặng/lan nhanh dùng urgent_action; thiếu bằng chứng dùng insufficient_evidence; khỏe dùng monitor_only.,UMN Extension - Anthracnose of cucurbits; Cornell Vegetables - Anthracnose of Cucurbits,https://extension.umn.edu/node/11086; https://www.vegetables.cornell.edu/pest-management/disease-factsheets/anthracnose-of-cucurbits/,"Cucumber leaf spots can be irregular brown with yellow halo and may drop out; anthracnose develops in warm, moist conditions.",high
K_CUC_ANTH_CONF_001,rule,dưa leo,bệnh thán thư,bệnh nấm,single_label,bệnh thán thư,lá,N/A,confidence_rule,"Confidence của bệnh thán thư phụ thuộc độ rõ ảnh, mức đặc trưng của triệu chứng và thông tin bổ sung.",bệnh sương mai; bệnh chảy gôm thân; đốm lá vi khuẩn; cháy lá do điều kiện bất lợi,"Phân biệt với sương mai bằng việc thán thư thiên về đốm nâu không đều/mô khô rách, còn sương mai thường là mảng vàng góc cạnh và cần kiểm tra mốc mặt dưới.","Giữ lá khô, tưới gốc, tránh làm vườn khi lá ướt, dọn lá/tàn dư bệnh nặng và theo dõi thân/quả.",Không kết luận chỉ từ một đốm nhỏ; không tự nêu thuốc/liều lượng nếu không có nguồn địa phương.,Ảnh rõ có triệu chứng đặc trưng thì confidence cao hơn; ảnh mờ hoặc thiếu bộ phận cần quan sát thì giảm confidence.,Nhẹ/trung bình dùng early_action; nặng/lan nhanh dùng urgent_action; thiếu bằng chứng dùng insufficient_evidence; khỏe dùng monitor_only.,UMN Extension - Anthracnose of cucurbits; Cornell Vegetables - Anthracnose of Cucurbits,https://extension.umn.edu/node/11086; https://www.vegetables.cornell.edu/pest-management/disease-factsheets/anthracnose-of-cucurbits/,"Cucumber leaf spots can be irregular brown with yellow halo and may drop out; anthracnose develops in warm, moist conditions.",high
K_CUC_ANTH_TRIAGE_001,rule,dưa leo,bệnh thán thư,bệnh nấm,single_label,bệnh thán thư,lá,N/A,triage_rule,"Triage của bệnh thán thư: theo dõi nếu nhẹ/khỏe, xử lý sớm nếu có dấu hiệu rõ, khẩn hơn nếu lan nhanh hoặc cây suy.",bệnh sương mai; bệnh chảy gôm thân; đốm lá vi khuẩn; cháy lá do điều kiện bất lợi,"Phân biệt với sương mai bằng việc thán thư thiên về đốm nâu không đều/mô khô rách, còn sương mai thường là mảng vàng góc cạnh và cần kiểm tra mốc mặt dưới.","Giữ lá khô, tưới gốc, tránh làm vườn khi lá ướt, dọn lá/tàn dư bệnh nặng và theo dõi thân/quả.",Không kết luận chỉ từ một đốm nhỏ; không tự nêu thuốc/liều lượng nếu không có nguồn địa phương.,Ảnh rõ có triệu chứng đặc trưng thì confidence cao hơn; ảnh mờ hoặc thiếu bộ phận cần quan sát thì giảm confidence.,Nhẹ/trung bình dùng early_action; nặng/lan nhanh dùng urgent_action; thiếu bằng chứng dùng insufficient_evidence; khỏe dùng monitor_only.,UMN Extension - Anthracnose of cucurbits; Cornell Vegetables - Anthracnose of Cucurbits,https://extension.umn.edu/node/11086; https://www.vegetables.cornell.edu/pest-management/disease-factsheets/anthracnose-of-cucurbits/,"Cucumber leaf spots can be irregular brown with yellow halo and may drop out; anthracnose develops in warm, moist conditions.",high
K_CUC_ANTH_FOLLOWUP_001,rule,dưa leo,bệnh thán thư,bệnh nấm,single_label,bệnh thán thư,lá,N/A,followup_rule,"Nếu thiếu ảnh bộ phận quan trọng để xác nhận bệnh thán thư, cần hỏi thêm thay vì kết luận quá chắc.",bệnh sương mai; bệnh chảy gôm thân; đốm lá vi khuẩn; cháy lá do điều kiện bất lợi,"Phân biệt với sương mai bằng việc thán thư thiên về đốm nâu không đều/mô khô rách, còn sương mai thường là mảng vàng góc cạnh và cần kiểm tra mốc mặt dưới.","Giữ lá khô, tưới gốc, tránh làm vườn khi lá ướt, dọn lá/tàn dư bệnh nặng và theo dõi thân/quả.",Không kết luận chỉ từ một đốm nhỏ; không tự nêu thuốc/liều lượng nếu không có nguồn địa phương.,Ảnh rõ có triệu chứng đặc trưng thì confidence cao hơn; ảnh mờ hoặc thiếu bộ phận cần quan sát thì giảm confidence.,Nhẹ/trung bình dùng early_action; nặng/lan nhanh dùng urgent_action; thiếu bằng chứng dùng insufficient_evidence; khỏe dùng monitor_only.,UMN Extension - Anthracnose of cucurbits; Cornell Vegetables - Anthracnose of Cucurbits,https://extension.umn.edu/node/11086; https://www.vegetables.cornell.edu/pest-management/disease-factsheets/anthracnose-of-cucurbits/,"Cucumber leaf spots can be irregular brown with yellow halo and may drop out; anthracnose develops in warm, moist conditions.",high
K_CUC_DOWNY_SYMPTOM_001,knowledge,dưa leo,bệnh sương mai,bệnh nấm/oomycete,single_label,bệnh sương mai,lá,N/A,symptom,"Sương mai trên dưa leo thường tạo vết vàng/xanh nhạt dạng góc cạnh trên mặt lá; khi ẩm, mặt dưới có thể có lớp mốc xám tím và vết chuyển nâu nhanh.",bệnh thán thư; bệnh chảy gôm thân; thiếu dinh dưỡng; cháy nắng,Phân biệt với thán thư/chảy gôm thân bằng vết vàng góc cạnh bị gân giới hạn và cần kiểm tra mặt dưới lá; nếu chỉ vàng loang nhẹ thì chưa kết luận chắc.,"Kiểm tra mặt dưới lá, giảm ẩm tán, tránh tưới phun, tăng thông thoáng và theo dõi sau mưa/sương.",Không khẳng định sương mai nếu chưa rõ dạng góc cạnh hoặc chưa có ảnh mặt dưới.,Ảnh rõ có triệu chứng đặc trưng thì confidence cao hơn; ảnh mờ hoặc thiếu bộ phận cần quan sát thì giảm confidence.,Nhẹ/trung bình dùng early_action; nặng/lan nhanh dùng urgent_action; thiếu bằng chứng dùng insufficient_evidence; khỏe dùng monitor_only.,"UMN Extension - Downy mildew of cucumber, melon and squash; Cornell Vegetables - Cucurbit Downy Mildew",https://extension.umn.edu/disease-management/downy-mildew-cucurbits; https://www.vegetables.cornell.edu/pest-management/disease-factsheets/downy-mildew-of-cucurbits/,"Pale green to yellow angular spots form on upper leaves, later brown; purplish-grey fuzz can form on the underside in humidity.",high
K_CUC_DOWNY_VISUAL_001,rule,dưa leo,bệnh sương mai,bệnh nấm/oomycete,single_label,bệnh sương mai,lá,N/A,visual_evidence_rule,"Khi trả lời cần nêu bằng chứng nhìn thấy trên ảnh trước, sau đó mới liên hệ với nhãn bệnh/tình trạng.",bệnh thán thư; bệnh chảy gôm thân; thiếu dinh dưỡng; cháy nắng,Phân biệt với thán thư/chảy gôm thân bằng vết vàng góc cạnh bị gân giới hạn và cần kiểm tra mặt dưới lá; nếu chỉ vàng loang nhẹ thì chưa kết luận chắc.,"Kiểm tra mặt dưới lá, giảm ẩm tán, tránh tưới phun, tăng thông thoáng và theo dõi sau mưa/sương.",Không khẳng định sương mai nếu chưa rõ dạng góc cạnh hoặc chưa có ảnh mặt dưới.,Ảnh rõ có triệu chứng đặc trưng thì confidence cao hơn; ảnh mờ hoặc thiếu bộ phận cần quan sát thì giảm confidence.,Nhẹ/trung bình dùng early_action; nặng/lan nhanh dùng urgent_action; thiếu bằng chứng dùng insufficient_evidence; khỏe dùng monitor_only.,"UMN Extension - Downy mildew of cucumber, melon and squash; Cornell Vegetables - Cucurbit Downy Mildew",https://extension.umn.edu/disease-management/downy-mildew-cucurbits; https://www.vegetables.cornell.edu/pest-management/disease-factsheets/downy-mildew-of-cucurbits/,"Pale green to yellow angular spots form on upper leaves, later brown; purplish-grey fuzz can form on the underside in humidity.",high
K_CUC_DOWNY_DIFF_001,rule,dưa leo,bệnh sương mai,bệnh nấm/oomycete,single_label,bệnh sương mai,lá,N/A,differential_rule,Luôn đối chiếu bệnh sương mai với các tình trạng dễ nhầm: bệnh thán thư; bệnh chảy gôm thân; thiếu dinh dưỡng; cháy nắng.,bệnh thán thư; bệnh chảy gôm thân; thiếu dinh dưỡng; cháy nắng,Phân biệt với thán thư/chảy gôm thân bằng vết vàng góc cạnh bị gân giới hạn và cần kiểm tra mặt dưới lá; nếu chỉ vàng loang nhẹ thì chưa kết luận chắc.,"Kiểm tra mặt dưới lá, giảm ẩm tán, tránh tưới phun, tăng thông thoáng và theo dõi sau mưa/sương.",Không khẳng định sương mai nếu chưa rõ dạng góc cạnh hoặc chưa có ảnh mặt dưới.,Ảnh rõ có triệu chứng đặc trưng thì confidence cao hơn; ảnh mờ hoặc thiếu bộ phận cần quan sát thì giảm confidence.,Nhẹ/trung bình dùng early_action; nặng/lan nhanh dùng urgent_action; thiếu bằng chứng dùng insufficient_evidence; khỏe dùng monitor_only.,"UMN Extension - Downy mildew of cucumber, melon and squash; Cornell Vegetables - Cucurbit Downy Mildew",https://extension.umn.edu/disease-management/downy-mildew-cucurbits; https://www.vegetables.cornell.edu/pest-management/disease-factsheets/downy-mildew-of-cucurbits/,"Pale green to yellow angular spots form on upper leaves, later brown; purplish-grey fuzz can form on the underside in humidity.",high
